song_url,track_name,artist_name,date,position,streams,rank
https://open.spotify.com/track/0QwKxajohg1rAMMmv1AWe1,Burn,Juice WRLD,2021-12-10,1,"1,654,919",1
https://open.spotify.com/track/1cA4wEmLkKlttS6N89LbJh,Wandered To LA (with Justin Bieber),Juice WRLD,2021-12-10,2,"1,351,086",2
https://open.spotify.com/track/5R4Yrc2j4jw1itr4hKcN26,Feline (with Polo G & Trippie Redd),Juice WRLD,2021-12-10,3,"1,326,863",3
https://open.spotify.com/track/2quVkyLSVr5wX2QIhnexUt,Already Dead,Juice WRLD,2021-12-10,4,"1,313,816",4
https://open.spotify.com/track/0v36cov6Z6aEV5ZgIlqZMk,Rockstar In His Prime,Juice WRLD,2021-12-10,5,"1,222,844",5
https://open.spotify.com/track/2W1Aq2c6PUSHBC0golgHLK,You Wouldn't Understand,Juice WRLD,2021-12-10,6,"1,218,075",6
https://open.spotify.com/track/2EjXfH91m7f8HiJN1yQg97,Rockin' Around The Christmas Tree,Brenda Lee,2021-12-10,7,"1,156,058",7
https://open.spotify.com/track/7DF8lvLdV3htIbuTWpc7lR,Girl Of My Dreams (with SUGA of BTS),Juice WRLD,2021-12-10,8,"1,149,184",8
https://open.spotify.com/track/0bYg9bo50gSsH3LtXe2SQn,All I Want for Christmas Is You,Mariah Carey,2021-12-10,9,"1,122,322",9
https://open.spotify.com/track/38Vh0iUlilcvnBNWS4saSD,Doom,Juice WRLD,2021-12-10,10,"1,096,293",10
https://open.spotify.com/track/7FAND3cHMvepHjpBp8gOZ9,Go Hard,Juice WRLD,2021-12-10,11,"1,066,101",11
https://open.spotify.com/track/7vQbuQcyTflfCIOu3Uzzya,Jingle Bell Rock,BobHelms,2021-12-10,12,"1,060,713",12
https://open.spotify.com/track/5dXWFMwD7I7zXsInONVl0H,I Hate U,SZA,2021-12-10,13,"1,034,241",13
https://open.spotify.com/track/59NTlSZN6G2eCs4jcf46C0,Not Enough,Juice WRLD,2021-12-10,14,"1,027,725",14
https://open.spotify.com/track/5Z9KJZvQzH6PFmb8SNkxuk,INDUSTRY BABY (feat. Jack Harlow),Lil Nas X,2021-12-10,15,"1,008,182",15
https://open.spotify.com/track/4fouWK6XVHhzl78KzQ1UjL,abcdefu,GAYLE,2021-12-10,16,"940,468",16
https://open.spotify.com/track/46IZ0fSY2mpAiktS3KOqds,Easy On Me,Adele,2021-12-10,17,"938,871",17
https://open.spotify.com/track/02MWAaffLxlfxAUY7c5dvx,Heat Waves,Glass Animals,2021-12-10,18,"921,328",18
https://open.spotify.com/track/1IcR6RlgvDczfvoWJSSY2A,It's the Most Wonderful Time of the Year,Andy Williams,2021-12-10,19,"917,939",19
https://open.spotify.com/track/5PjdY0CKGZdEuoNab3yDmX,STAY (with Justin Bieber),The Kid LAROI,2021-12-10,20,"907,190",20
https://open.spotify.com/track/1AtC4WzAiT2RoDEkGknqMT,Relocate,Juice WRLD,2021-12-10,21,"874,883",21
https://open.spotify.com/track/4so0Wek9Ig1p6CRCHuINwW,White Christmas,"Bing Crosby, Ken DarSingers, John Scott Trotter & His Orchestra",2021-12-10,22,"865,278",22
https://open.spotify.com/track/5enxwA8aAbwZbf5qCHORXi,All Too Well (10 Minute Version) (Taylor's Version) (From The Vault),Taylor Swift,2021-12-10,23,"825,042",23
https://open.spotify.com/track/6U0vwOILZNn5O6w1IZ1Mzr,From My Window,Juice WRLD,2021-12-10,24,"822,858",24
https://open.spotify.com/track/22mPEYsHFBwVwjmkwx2cHT,Until The Plug Comes Back Around,Juice WRLD,2021-12-10,25,"787,945",25
https://open.spotify.com/track/2FRnf9qhLbvw8fu4IBXx78,Last Christmas,Wham!,2021-12-10,26,"786,595",26
https://open.spotify.com/track/0lLdorYw7lVrJydTINhWdI,It's Beginning to Look a Lot like Christmas,Michael Bublé,2021-12-10,27,"784,142",27
https://open.spotify.com/track/2hA6oxAuJI94AydLWQ2qEU,Feel Alone,Juice WRLD,2021-12-10,28,"772,183",28
https://open.spotify.com/track/77khP2fIVhSW23NwxrRluh,A Holly Jolly Christmas - Single Version,Burl Ives,2021-12-10,29,"771,943",29
https://open.spotify.com/track/4ZtFanR9U6ndgddUvNcjcG,good 4 u,Olivia Rodrigo,2021-12-10,30,"769,622",30
https://open.spotify.com/track/0WSTCrEsC2rsM8zavpfM5I,Eminem Speaks,Juice WRLD,2021-12-10,31,"738,089",31
https://open.spotify.com/track/2BcMwX1MPV6ZHP4tUT9uq6,Knife Talk (with 21 Savage ft. Project Pat),Drake,2021-12-10,32,"736,649",32
https://open.spotify.com/track/4A8cWXxKfIL3lAyUDzXbCF,Super Gremlin,Kodak Black,2021-12-10,33,"700,355",33
https://open.spotify.com/track/3Vi5XqYrmQgOYBajMWSvCi,Need to Know,Doja Cat,2021-12-10,34,"694,696",34
https://open.spotify.com/track/3qCeq0rWK67SoBDgFd2sId,Feliz Navidad,José Feliciano,2021-12-10,35,"692,000",35
https://open.spotify.com/track/0lizgQ7Qw35od7CYaoMBZb,Santa Tell Me,Ariana Grande,2021-12-10,36,"677,776",36
https://open.spotify.com/track/4PS1e8f2LvuTFgUs1Cn3ON,The Christmas Song (Merry Christmas To You),Nat King Cole,2021-12-10,37,"674,355",37
https://open.spotify.com/track/7fUYUcWy853HS8YJn0b3Sr,Sleigh Ride,The Ronettes,2021-12-10,38,"672,126",38
https://open.spotify.com/track/7soheVOGSiTE8boPNzDibi,My Life In A Nutshell,Juice WRLD,2021-12-10,39,"655,232",39
https://open.spotify.com/track/4kKdvXD0ez7jp1296JmAts,Let It Snow! Let It Snow! Let It Snow! (with The B. Swanson Quartet),Frank Sinatra,2021-12-10,40,"641,542",40
https://open.spotify.com/track/7sMBvZCSUl99bJLXZaLa0b,Smokin Out The Window,"Bruno Mars, Anderson .Paak, Silk Sonic",2021-12-10,41,"637,119",41
https://open.spotify.com/track/3DarAbFujv6eYNliUTyqtz,Kiss Me More (feat. SZA),Doja Cat,2021-12-10,42,"635,409",42
https://open.spotify.com/track/1r9xUipOqoNwggBpENDsvJ,Enemy (with JID) - from the series Arcane League of Legends,Imagine Dragons,2021-12-10,43,"631,066",43
https://open.spotify.com/track/3QFInJAm9eyaho5vBzxInN,family ties (with Kendrick Lamar),BaKeem,2021-12-10,44,"607,477",44
https://open.spotify.com/track/1fw2lym3kCvhxbIs8UQGHk,Juice WRLD Speaks,Juice WRLD,2021-12-10,45,"603,444",45
https://open.spotify.com/track/2pumRJcJLkPPejrEvwLAlu,Juice WRLD Speaks 2,Juice WRLD,2021-12-10,46,"586,957",46
https://open.spotify.com/track/5CZ40GBx1sQ9agT82CLQCT,traitor,Olivia Rodrigo,2021-12-10,47,"580,161",47
https://open.spotify.com/track/3nAp4IvdMPPWEH9uuXFFV5,Underneath the Tree,Kelly Clarkson,2021-12-10,48,"576,767",48
https://open.spotify.com/track/2pXpURmn6zC5ZYDMms6fwa,It's Beginning to Look a Lot Like Christmas (with Mitchell Ayres & His Orchestra),"Perry Como, The Fontane Sisters",2021-12-10,49,"559,871",49
https://open.spotify.com/track/6Uj1ctrBOjOas8xZXGqKk4,Woman,Doja Cat,2021-12-10,50,"558,173",50
https://open.spotify.com/track/0k1WUmIRnG3xU6fvvDVfRG,Way 2 Sexy (with Future & Young Thug),Drake,2021-12-10,51,"552,158",51
https://open.spotify.com/track/37y7iDayfwm3WXn5BiAoRk,Dark Red,Steve Lacy,2021-12-10,52,"542,630",52
https://open.spotify.com/track/7xapw9Oy21WpfEcib2ErSA,Mistletoe,Justin Bieber,2021-12-10,53,"537,229",53
https://open.spotify.com/track/7rglLriMNBPAyuJOMGwi39,Cold Heart - PNAU Remix,"Elton John, Dua Lipa",2021-12-10,54,"528,242",54
https://open.spotify.com/track/1SV1fxF65n9NhRHp3KlBuu,Wonderful Christmastime - Edited Version / Remastered 2011,Paul McCartney,2021-12-10,55,"527,253",55
https://open.spotify.com/track/07MDkzWARZaLEdKxo6yArG,Meet Me At Our Spot,"THE ANXIETY, WILLOW, Tyler Cole",2021-12-10,56,"522,938",56
https://open.spotify.com/track/50nfwKoDiSYg8zOCREWAm5,Shivers,Ed Sheeran,2021-12-10,57,"520,033",57
https://open.spotify.com/track/5wANPM4fQCJwkGd4rN57mH,drivers license,Olivia Rodrigo,2021-12-10,58,"515,741",58
https://open.spotify.com/track/7uLFOXgLrS90tEYPO1DGXy,Man in the Mirror,A Boogie Wit da Hoodie,2021-12-10,59,"507,130",59
https://open.spotify.com/track/47ohYW8e7dxCYn9qbUMBCI,Christmas (Baby Please Come Home),Darlene Love,2021-12-10,60,"506,809",60
https://open.spotify.com/track/6f5ExP43esnvdKPddwKXJH,Better Days (NEIKED x Mae Muller x Polo G),NEIKED,2021-12-10,61,"502,124",61
https://open.spotify.com/track/6tjituizSxwSmBB5vtgHZE,Holly Jolly Christmas,Michael Bublé,2021-12-10,62,"501,599",62
https://open.spotify.com/track/2QjOHCTQ1Jl3zawyYOpxh6,Sweater Weather,The Neighbourhood,2021-12-10,63,"498,816",63
https://open.spotify.com/track/4RVwu0g32PAqgUiJoXsdF8,Happier Than Ever,Billie Eilish,2021-12-10,64,"497,437",64
https://open.spotify.com/track/2uFaJJtFpPDc5Pa95XzTvg,Let It Snow! Let It Snow! Let It Snow!,Dean Martin,2021-12-10,65,"491,674",65
https://open.spotify.com/track/18vXApRmJSgQ6wG2ll9AOg,RAPSTAR,Polo G,2021-12-10,66,"484,763",66
https://open.spotify.com/track/6HU7h9RYOaPRFeh0R3UeAr,deja vu,Olivia Rodrigo,2021-12-10,67,"482,653",67
https://open.spotify.com/track/1SC5rEoYDGUK4NfG82494W,MONTERO (Call Me By Your Name),Lil Nas X,2021-12-10,68,"480,995",68
https://open.spotify.com/track/27RYrbL6S02LNVhDWVl38b,Happy Xmas (War Is Over) - Remastered 2010,"John Lennon, Yoko Ono",2021-12-10,69,"470,467",69
https://open.spotify.com/track/2pnPe4pJtq7689i5ydzvJJ,Run Rudolph Run - Single Version,Chuck Berry,2021-12-10,70,"470,409",70
https://open.spotify.com/track/4SqWKzw0CbA05TGszDgMlc,I Love You So,The Walters,2021-12-10,71,"462,460",71
https://open.spotify.com/track/29TPjc8wxfz4XMn21O7VsZ,Sky,Playboi Carti,2021-12-10,72,"462,028",72
https://open.spotify.com/track/3Kkjo3cT83cw09VJyrLNwX,Oh My God,Adele,2021-12-10,73,"460,930",73
https://open.spotify.com/track/3QiAAp20rPC3dcAtKtMaqQ,Blue Christmas,Elvis Presley,2021-12-10,74,"460,842",74
https://open.spotify.com/track/00Blm7zeNqgYLPtW6zg8cj,One Right Now (with The Weeknd),Post Malone,2021-12-10,75,"453,263",75
https://open.spotify.com/track/0247StOpd3AkeBQzANX4Zf,Do They Know It's Christmas? - 1984 Version,Band Aid,2021-12-10,76,"443,289",76
https://open.spotify.com/track/6a1hzBiTkgqTsDA0Xgfh9z,Santa Claus Is Coming To Town,The Jackson 5,2021-12-10,77,"442,881",77
https://open.spotify.com/track/3rmo8F54jFF8OgYsqTxm5d,Bad Habits,Ed Sheeran,2021-12-10,78,"442,133",78
https://open.spotify.com/track/1foCxQtxBweJtZmdxhEHVO,Santa Baby (with Henri René & His Orchestra),"Eartha Kitt, Henri Rene & His Orchestra",2021-12-10,79,"430,925",79
https://open.spotify.com/track/62l3NSQPUxvcwwzKUmysrE,Bad Man (Smooth Criminal),Polo G,2021-12-10,80,"421,773",80
https://open.spotify.com/track/5nujrmhLynf4yMoMtj8AQF,Levitating (feat. DaBaby),Dua Lipa,2021-12-10,81,"421,664",81
https://open.spotify.com/track/0WSEq9Ko4kFPt8yo3ICd6T,Praise God,Kanye West,2021-12-10,82,"419,129",82
https://open.spotify.com/track/4XvcHTUfIlWfyJTRG0aqlo,2055,Sleepy Hallow,2021-12-10,83,"417,879",83
https://open.spotify.com/track/0k4d5YPDr1r7FX77VdqWez,You Right,"Doja Cat, The Weeknd",2021-12-10,84,"416,974",84
https://open.spotify.com/track/6UjeFOCGYgMpBUtqKg1Je3,Alien Blues,Vundabar,2021-12-10,85,"416,956",85
https://open.spotify.com/track/7uoFMmxln0GPXQ0AcCBXRq,Snowman,Sia,2021-12-10,86,"413,606",86
https://open.spotify.com/track/4tHqQMWSqmL6YjXwsqthDI,Carol of the Bells,"Mykola Dmytrovych Leontovych, John Williams",2021-12-10,87,"412,697",87
https://open.spotify.com/track/62vpWI1CHwFy7tMIcSStl8,No Role Modelz,J. Cole,2021-12-10,88,"408,878",88
https://open.spotify.com/track/0W6I02J9xcqK8MtSeosEXb,Get Into It (Yuh),Doja Cat,2021-12-10,89,"406,866",89
https://open.spotify.com/track/7ACW7VpgoKmfM1sKo15UhX,"Who Want Smoke?? (feat. G Herbo, Lil Durk & 21 Savage)",Nardo Wick,2021-12-10,90,"403,297",90
https://open.spotify.com/track/299lFlaAsNQdgbIZNPmIA0,Christmas Time Is Here - Vocal,Vince Guaraldi Trio,2021-12-10,91,"397,368",91
https://open.spotify.com/track/3PIDciSFdrQxSQSihim3hN,Christmas (Baby Please Come Home),Mariah Carey,2021-12-10,92,"395,792",92
https://open.spotify.com/track/1GQ3cCJMAhLqWARyVZWxnO,Mele Kalikimaka - Single Version,"Bing Crosby, The Andrews Sisters",2021-12-10,93,"391,199",93
https://open.spotify.com/track/5xlS0QkVrSH7ssEbBgBzbM,Little Saint Nick - 1991 Remix,The Beach Boys,2021-12-10,94,"390,881",94
https://open.spotify.com/track/65OVbaJR5O1RmwOQx0875b,Wants and Needs (feat. Lil Baby),Drake,2021-12-10,95,"388,021",95
https://open.spotify.com/track/2B4GHvToeLTOBB4QLzW3Ni,Pepas,Farruko,2021-12-10,96,"387,548",96
https://open.spotify.com/track/4MrfQL4TYQXJBlZYpAHTuE,"Baby, It's Cold Outside",Dean Martin,2021-12-10,97,"386,454",97
https://open.spotify.com/track/6s2wpWPFPAgKg2LXxi1Oee,"Santa Claus Is Comin' to Town - Live at C.W. Post College, Greenvale, NY - December 1975",Bruce Springsteen,2021-12-10,98,"384,845",98
https://open.spotify.com/track/40iJIUlhi6renaREYGeIDS,Fair Trade (with Travis Scott),Drake,2021-12-10,99,"384,382",99
https://open.spotify.com/track/2AaJeBEq3WLcfFW1y8svDf,By Your Side,Rod Wave,2021-12-10,100,"383,701",100
https://open.spotify.com/track/5JCoSi02qi3jJeHdZXMmR8,favorite crime,Olivia Rodrigo,2021-12-10,101,"383,074",101
https://open.spotify.com/track/0e8nrvls4Qqv5Rfa2UhqmO,THATS WHAT I WANT,Lil Nas X,2021-12-10,102,"382,103",102
https://open.spotify.com/track/3YJJjQPAbDT7mGpX3WtQ9A,Good Days,SZA,2021-12-10,103,"381,519",103
https://open.spotify.com/track/3NqBxTOMCJ3zW9CIP51td4,Jugaste y Sufrí,"Eslabon Armado, DannyLux",2021-12-10,104,"380,785",104
https://open.spotify.com/track/1Wf14bTyb6UeKojy8ykPYm,Happy Holiday / The Holiday Season,Andy Williams,2021-12-10,105,"378,614",105
https://open.spotify.com/track/285pBltuF7vW8TeWk8hdRR,Lucid Dreams,Juice WRLD,2021-12-10,106,"375,405",106
https://open.spotify.com/track/35uYYHfPcA5zcl8IeVXxOb,Be Free,A Boogie Wit da Hoodie,2021-12-10,107,"373,997",107
https://open.spotify.com/track/34rzJNfTd5e9s3TICFMPD0,O Tannenbaum,Vince Guaraldi Trio,2021-12-10,108,"364,259",108
https://open.spotify.com/track/3nOz1U41SZZ0N3fuUWr9nb,I AM WOMAN,Emmy Meli,2021-12-10,109,"363,620",109
https://open.spotify.com/track/6sBWmE23q6xQHlnEZ8jYPT,Step Into Christmas,Elton John,2021-12-10,110,"360,780",110
https://open.spotify.com/track/1LPSkqVhWVRUkKE03YUkpB,Leave The Door Open,"Bruno Mars, Anderson .Paak, Silk Sonic",2021-12-10,111,"358,392",111
https://open.spotify.com/track/1VuAamHM7P3VQQEXYGG3Uu,Joy To The World,Nat King Cole,2021-12-10,112,"357,995",112
https://open.spotify.com/track/4VXIryQMWpIdGgYR4TrjT1,All Girls Are The Same,Juice WRLD,2021-12-10,113,"357,930",113
https://open.spotify.com/track/0VjIjW4GlUZAMYd2vXMi3b,Blinding Lights,The Weeknd,2021-12-10,114,"356,587",114
https://open.spotify.com/track/030mot3ZKR3oskfMsqDB2R,Have Yourself A Merry Little Christmas,Judy Garland,2021-12-10,115,"354,178",115
https://open.spotify.com/track/0uxSUdBrJy9Un0EYoBowng,20 Min,Lil Uzi Vert,2021-12-10,116,"352,024",116
https://open.spotify.com/track/6I3mqTwhRpn34SLVafSH7G,Ghost,Justin Bieber,2021-12-10,117,"350,873",117
https://open.spotify.com/track/7EkWXAI1wn8Ii883ecd9xr,Freaks,Surf Curse,2021-12-10,118,"345,836",118
https://open.spotify.com/track/3CUqjIsPPuncCJFIydwq5a,Glasses,A Boogie Wit da Hoodie,2021-12-10,119,"336,563",119
https://open.spotify.com/track/3Wrjm47oTz2sjIgck11l5e,Beggin',Måneskin,2021-12-10,120,"335,476",120
https://open.spotify.com/track/0RiRZpuVRbi7oqRdSMwhQY,Sunflower - Spider-Man: Into the Spider-Verse,"Post Malone, Swae Lee",2021-12-10,121,"335,161",121
https://open.spotify.com/track/2tGvwE8GcFKwNdAXMnlbfl,happier,Olivia Rodrigo,2021-12-10,122,"333,310",122
https://open.spotify.com/track/0hvN2v6fAcB6xWyW7UaooA,(There's No Place Like) Home for the Holidays - 1959 Version,Perry Como,2021-12-10,123,"332,732",123
https://open.spotify.com/track/47otoIkhx3fkdivEXL5OB6,Rudolph The Red-Nosed Reindeer,Burl Ives,2021-12-10,124,"330,870",124
https://open.spotify.com/track/2gQPv5jvVPqU2a9HhMNO1v,Toxic,BoyWithUke,2021-12-10,125,"329,293",125
https://open.spotify.com/track/3lkYS3iMpWMVpaJ0yJAFrJ,I Saw Mommy Kissing Santa Claus,The Jackson 5,2021-12-10,126,"329,231",126
https://open.spotify.com/track/20on25jryn53hWghthWWW3,Do It To It,"ACRAZE, Cherish",2021-12-10,127,"326,786",127
https://open.spotify.com/track/5lAnYvAIkSDNXqfo7DyFUm,Ain't Shit,Doja Cat,2021-12-10,128,"325,772",128
https://open.spotify.com/track/5gZYpjakt37G3c58FKcQwJ,Miss The Rage (feat. Playboi Carti),Trippie Redd,2021-12-10,129,"325,351",129
https://open.spotify.com/track/25leEEaz1gIpp7o21Fqyjo,Here Comes Santa Claus (Right Down Santa Claus Lane) - 1947 Version,Gene Autry,2021-12-10,130,"321,643",130
https://open.spotify.com/track/6SRsiMl7w1USE4mFqrOhHC,brutal,Olivia Rodrigo,2021-12-10,131,"321,232",131
https://open.spotify.com/track/2Xr1dTzJee307rmrkt8c0g,love nwantiti (ah ah ah),CKay,2021-12-10,132,"318,009",132
https://open.spotify.com/track/1VLtjHwRWOVJiE5Py7JxoQ,Martin & Gina,Polo G,2021-12-10,133,"314,492",133
https://open.spotify.com/track/2Uiv8YvD3q63FGTUjkYvxT,Do You Hear What I Hear? - Remastered 2006,Bing Crosby,2021-12-10,134,"313,552",134
https://open.spotify.com/track/0MMyJUC3WNnFS1lit5pTjk,"jealousy, jealousy",Olivia Rodrigo,2021-12-10,135,"312,609",135
https://open.spotify.com/track/09gysnJpfQ3ublBmJDfcEC,SAD GIRLZ LUV MONEY Remix (feat. Kali Uchis and Moliy),Amaarae,2021-12-10,136,"311,246",136
https://open.spotify.com/track/7nc7mlSdWYeFom84zZ8Wr8,Tell Em,"Cochise, $NOT",2021-12-10,137,"311,176",137
https://open.spotify.com/track/2vWBUC9djv6BtiGlmKiQaH,YKWIM?,Yot Club,2021-12-10,138,"310,593",138
https://open.spotify.com/track/04S1pkp1VaIqjg8zZqknR5,Enchanted,Taylor Swift,2021-12-10,139,"310,299",139
https://open.spotify.com/track/2Y0wPrPQBrGhoLn14xRYCG,Come & Go (with Marshmello),Juice WRLD,2021-12-10,140,"308,866",140
https://open.spotify.com/track/0lnpnsrVaW9elGgRxpDCgE,Fancy Like,Walker Hayes,2021-12-10,141,"305,945",141
https://open.spotify.com/track/60ynsPSSKe6O3sfwRnIBRf,Streets,Doja Cat,2021-12-10,142,"305,636",142
https://open.spotify.com/track/4MzXwWMhyBbmu6hOcLVD49,DÁKITI,"Bad Bunny, Jhay Cortez",2021-12-10,143,"305,270",143
https://open.spotify.com/track/2JPLbjOn0wPCngEot2STUS,Yonaguni,Bad Bunny,2021-12-10,144,"304,301",144
https://open.spotify.com/track/0sTlGEld0h8kIPZaKDYUf4,Notion,The Rare Occasions,2021-12-10,145,"299,934",145
https://open.spotify.com/track/7H0ya83CMmgFcOhw0UB6ow,Space Song,Beach House,2021-12-10,146,"299,903",146
https://open.spotify.com/track/4xqrdfXkTW4T0RauPLv3WA,Heather,Conan Gray,2021-12-10,147,"299,044",147
https://open.spotify.com/track/7faDzZnZYqTyYThx2sbHVQ,Mistletoe And Holly - Remastered 1999,Frank Sinatra,2021-12-10,148,"298,551",148
https://open.spotify.com/track/58ge6dfP91o9oXMzq3XkIS,505,Arctic Monkeys,2021-12-10,149,"297,568",149
https://open.spotify.com/track/3FAJ6O0NOHQV8Mc5Ri6ENp,Heartbreak Anniversary,Giveon,2021-12-10,150,"297,405",150
https://open.spotify.com/track/7MSYSOobsombc1mbDWFxtD,This Christmas,Donny Hathaway,2021-12-10,151,"297,129",151
https://open.spotify.com/track/3QIoEi8Enr9uHffwInGIsC,Please Come Home for Christmas - 2013 Remaster,Eagles,2021-12-10,152,"296,244",152
https://open.spotify.com/track/3ZBeHiRJUj1vdiU8zzGPgb,WYD Now?,Sadie Jean,2021-12-10,153,"295,995",153
https://open.spotify.com/track/2U5WueTLIK5WJLD7mvDODv,Wishing Well,Juice WRLD,2021-12-10,154,"295,737",154
https://open.spotify.com/track/4iJyoBOLtHqaGxP12qzhQI,Peaches (feat. Daniel Caesar & Giveon),Justin Bieber,2021-12-10,155,"294,020",155
https://open.spotify.com/track/6Hj9jySrnFppAI0sEMCZpJ,Robbery,Juice WRLD,2021-12-10,156,"292,334",156
https://open.spotify.com/track/37BZB0z9T8Xu7U3e65qxFy,Save Your Tears (with Ariana Grande) (Remix),The Weeknd,2021-12-10,157,"289,392",157
https://open.spotify.com/track/5E30LdtzQTGqRvNd7l6kG5,Daddy Issues,The Neighbourhood,2021-12-10,158,"288,393",158
https://open.spotify.com/track/51pshtuYkgUQnt5huMPbKL,The Spins,Mac Miller,2021-12-10,159,"288,390",159
https://open.spotify.com/track/46HNZY1i7O6jwTA7Slo2PI,My Universe,"Coldplay, BTS",2021-12-10,160,"288,268",160
https://open.spotify.com/track/6tDDoYIxWvMLTdKpjFkc1B,telepatía,Kali Uchis,2021-12-10,161,"286,441",161
https://open.spotify.com/track/7kDUspsoYfLkWnZR7qwHZl,my ex's best friend (with blackbear),Machine Gun Kelly,2021-12-10,162,"286,283",162
https://open.spotify.com/track/7KA4W4McWYRpgf0fWsJZWB,See You Again (feat. Kali Uchis),"Tyler, The Creator",2021-12-10,163,"286,230",163
https://open.spotify.com/track/69AIpwGNLxr4qS1X5ynx60,Buy Dirt,"Jordan Davis, Luke Bryan",2021-12-10,164,"286,218",164
https://open.spotify.com/track/08SB2OtZkaliju77WYEKxk,No Love (with SZA),Summer Walker,2021-12-10,165,"285,548",165
https://open.spotify.com/track/3cBsEDNhFI9E82vPj3kvi3,Wasted On You,Morgan Wallen,2021-12-10,166,"285,542",166
https://open.spotify.com/track/003vvx7Niy0yvhvHt4a68B,Mr. Brightside,The Killers,2021-12-10,167,"283,118",167
https://open.spotify.com/track/21jGcNKet2qwijlDFuPiPb,Circles,Post Malone,2021-12-10,168,"283,070",168
https://open.spotify.com/track/37Nqx7iavZpotJSDXZWbJ3,Girls Want Girls (with Lil Baby),Drake,2021-12-10,169,"281,215",169
https://open.spotify.com/track/6Hfu9sc7jvv6coyy2LlzBF,Hurricane,Kanye West,2021-12-10,170,"280,339",170
https://open.spotify.com/track/1SOClUWhOi8vHZYMz3GluK,Infinity,Jaymes Young,2021-12-10,171,"280,172",171
https://open.spotify.com/track/0rKtyWc8bvkriBthvHKY8d,SLOW DANCING IN THE DARK,Joji,2021-12-10,172,"279,042",172
https://open.spotify.com/track/7m9OqQk4RVRkw9JJdeAw96,Jocelyn Flores,XXXTENTACION,2021-12-10,173,"278,477",173
https://open.spotify.com/track/5QO79kh1waicV47BqGRL3g,Save Your Tears,The Weeknd,2021-12-10,174,"275,977",174
https://open.spotify.com/track/7GX5flRQZVHRAGd6B4TmDO,XO Tour Llif3,Lil Uzi Vert,2021-12-10,175,"275,753",175
https://open.spotify.com/track/3jfZ9M23l0L7RxzYMTgBTv,Looking Out for You,Joy Again,2021-12-10,176,"274,306",176
https://open.spotify.com/track/2BJSMvOGABRxokHKB0OI8i,Shoota (feat. Lil Uzi Vert),Playboi Carti,2021-12-10,177,"273,407",177
https://open.spotify.com/track/30QR0ndUdiiMQMA9g1PGCm,"...And to Those I Love, Thanks for Sticking Around",$uicideboy$,2021-12-10,178,"272,827",178
https://open.spotify.com/track/6Tof6kPUc2a17GKaKz4IXz,"You're A Mean One, Mr. Grinch - From Dr. Seuss' 'How The Grinch Stole Christmas'",Thurl Ravenscroft,2021-12-10,179,"271,460",179
https://open.spotify.com/track/6NxOrfF4XvNsSpp7G56KzF,Girls Go Down,A Boogie Wit da Hoodie,2021-12-10,180,"270,673",180
https://open.spotify.com/track/6w8ZPYdnGajyfPddTWdthN,Can I Get It,Adele,2021-12-10,181,"269,175",181
https://open.spotify.com/track/2DuPBbS5mIldXnh7Wum8Cy,My Little Love,Adele,2021-12-10,182,"268,907",182
https://open.spotify.com/track/2LBqCSwhJGcFQeTHMVGwy3,Die For You,The Weeknd,2021-12-10,183,"267,090",183
https://open.spotify.com/track/4jPy3l0RUwlUI9T5XHBW2m,Mood (feat. iann dior),24kGoldn,2021-12-10,184,"266,329",184
https://open.spotify.com/track/15coTBAzEN1bOeipoNDZAR,"Merry Christmas, Happy Holidays",*NSYNC,2021-12-10,185,"266,146",185
https://open.spotify.com/track/2HbKqm4o0w5wEeEFXm2sD4,Money Trees,"Kendrick Lamar, Jay Rock",2021-12-10,186,"266,132",186
https://open.spotify.com/track/4kTLpAbhuEGHAAdDjOIWaa,Pursuit Of Happiness (Nightmare),"Kid Cudi, MGMT, Ratatat",2021-12-10,187,"265,252",187
https://open.spotify.com/track/1ug52CZX2B0VdnFtNKS1gH,Making You Cry,A Boogie Wit da Hoodie,2021-12-10,188,"264,088",188
https://open.spotify.com/track/2ZXxRC6V6AXzMdbLQZMHSB,LOT OF ME,Lil Tecca,2021-12-10,189,"262,601",189
https://open.spotify.com/track/2KnLkZ3z7PO3kgVGHGqDpD,It'll Be Okay,Shawn Mendes,2021-12-10,190,"261,730",190
https://open.spotify.com/track/4O7FYAjDATiyylfIIAuRNE,24 Hours (feat. Lil Durk) [Bonus],A Boogie Wit da Hoodie,2021-12-10,191,"259,529",191
https://open.spotify.com/track/7AQim7LbvFVZJE3O8TYgf2,Fuck Love (feat. Trippie Redd),XXXTENTACION,2021-12-10,192,"258,937",192
https://open.spotify.com/track/4gzsuuZypVbxs0Af1LSZyB,Lo Siento BB:/ (with Bad Bunny & Julieta Venegas),Tainy,2021-12-10,193,"257,261",193
https://open.spotify.com/track/78QR3Wp35dqAhFEc2qAGjE,Drip Too Hard (Lil Baby & Gunna),Lil Baby,2021-12-10,194,"256,943",194
https://open.spotify.com/track/2eAZfqOm4EnOF9VvN50Tyc,The Way Life Goes (feat. Oh Wonder),Lil Uzi Vert,2021-12-10,195,"256,317",195
https://open.spotify.com/track/3PMX3IVMy3JcVgGgp9LbPt,Notifications,A Boogie Wit da Hoodie,2021-12-10,196,"255,937",196
https://open.spotify.com/track/4ukUoXLuFzMixyZyabSGc4,Sleigh Ride,Ella Fitzgerald,2021-12-10,197,"255,591",197
https://open.spotify.com/track/4KDNRh9Oor80z3XIxdWlui,Bubbly (with Drake & Travis Scott),Young Thug,2021-12-10,198,"254,937",198
https://open.spotify.com/track/2QIBJFl8DJR1mDh9GwfZef,Don’t Play (with Lil Baby),Polo G,2021-12-10,199,"254,621",199
https://open.spotify.com/track/0eu4C55hL6x29mmeAjytzC,Life Goes On,Oliver Tree,2021-12-10,200,"254,313",200
